Input Name,Input Affiliation,Matched Name,S2 Author ID,Low Volume,Special Issue
Sharifa Alghowinem,MIT,Sharifa Alghowinem,145001530,,
Farah Benamara Zitoune,University Paul Sabatier Toulouse,Farah Benamara,3350632,,
Cigdem Beyan,University of Verona,Cigdem Beyan,2457914,,
Lola Canamero,"CY Cergy Paris University, France",L. Cañamero,1713009,,1
Marco Cascio,UnitelmaSapienza University of Rome,Marco Cascio,77259716,,
Oya Celiktutan,King’s College London,Oya Celiktutan,1717313,,1
Theodora Chaspari,University of Colorado Boulder,T. Chaspari,2010813,,1
Mathieu Chollet,Glasgow,Mathieu Chollet,40325099,1,
Ting Dang,University of Melbourne,T. Dang,34806253,,
Hamdi Dibeklioğlu,Bilkent University,H. Dibeklioğlu,1723272,1,
Yue Ding,Shanghai Mental Health Center,Yue Ding,2044473626,,
Ali Etemad,Queen's Univesity,Ali Etemad,2394912477,,
Alessio Fagioli,UnitelmaSapienzaUniversityofRome,Alessio Fagioli,1962368873,,
Giancarlo Fortino,University of Calabria,G. Fortino,1691577,,
Hao Fei,University of Oxford,Hao Fei,46959445,,
Nagarajan Ganapathy,"Indian Institute of Technology Hyderabad, India",Nagarajan Ganapathy,51229309,1,
Yue Gao,Tsinghua,Yue Gao,35350470,,
Yu Gu,"University of Electronic Science and Technology of China, Hefei University",Yu Gu,144955063,,
Esam Ghaleb,Max Planck Institute for Psycholinguistics,E. Ghaleb,2398366,,
Shreya Ghosh,The University of Queensland,Shreya Ghosh,9222228,,
Eric Granger,ETS montreal,Eric Granger,145611842,,
Yanrong Guo,Hefei University of Technology,Yanrong Guo,8280010,,
Puneet Gupta,"Indian Institute of Technology Indore, India",P. Gupta,2148294805,,
Jing Han,University of Cambridge,Jing Han,2146364714,,
Shijie Hao,Hefei University of Technology,Shijie Hao,6175623,,
Kai He,"National University of Singapore, Singapore",Kai He,2256984070,,1
Jesse Hoey,University of Waterloo,J. Hoey,145803385,,
Bin Hu,Lanzhou University,B. Hu,144010725,,
Di Huang,Beihang Univeristy,Di Huang,40119164,,
Feiran Huang,Jinan University,Feiran Huang,1939569,,
Deniz Iren,"Open University, NL",Deniz Iren,2279738606,,
Ziyu Jia,Chinese Academy of Sciences,Ziyu Jia,47301741,,
David Johnson,"Bielefeld, DE",David Johnson,2150447055,,
Merel Jung,Tilburg University,Merel M. Jung,1715398,,
Heysem Kaya,Utrecht University,Heysem Kaya,38007788,,
Kostas Karpouzis,"Panteion university, Athens Greece",K. Karpouzis,1715144,1,
Dimitrios Kollias,"Queen Mary University, London",D. Kollias,1811396,,
Qian Kun,Beijing Institute of Tech,Qian Kun,2053225263,,
Alessandro Lameira-Koerich,"Ecole de Technologie Superieur, Univeriste de Quebec",Alessandro Lameiras-Koerich,1808179,,
Antonio Lanata,University of Florence,Antonio Lanatà,1730665,,
Guofa Li,Chongqing University,Guofa Li,2108347384,,
Mi Li,"Beijing University of Technology,",Mi Li,40217167,,
Qian Li,Beijing University of Posts and Telecommunications,Q. Li,2117126771,,
Ya Li,Beijing Posts and Telecommunications,Ya Li,145819440,,
Yang  (YANG on SI) Li,Northwestern,Yang Li,2290159252,,
Yang Li,"Xidian University, P.R. China,",Yang Li,2154899624,,
Zheng Lian,"Institute of Automation, Chinese Academy of Sciences",Zheng Lian,145824699,,
Jane (Zhen) Liang,Shenzen University,Zhen Liang,2087124567,,
An-An Liu,Tianjin University,Anan Liu,143602033,,
Rui Liu,"Inner Mongolia Unviersity, China",Rui Liu,2325112149,1,
Yong-Jin Liu,"Tsinghua University, P.R. China,",Yong-Jin Liu,46398687,,
Paula Lopez-Otero,Spitz AG,Paula Lopez-Otero,1403341291,,
Gale Lucas,University of Southern California,Gale M. Lucas,2419453,,
Marwa Mahmood,University of Glasgow,M. Mahmood,97930679,,1
Rui Mao,Nayang Tech University,Rui Mao,2106694812,,
David Melhart,Southern University of Denmark,David Melhart,66017885,,
Gelareh Mohammadi,UNSW,Gelareh Mohammadi,4911295,,
Gulam Muhammad,"King Saud University, Riyadh, Saudi Arabia",G. Muhammad,46669879,,
Shekhar Nayak,"University of Groningen, Fryslan Campus",Shekhar Nayak,3262083,,
Nicole Novielli,University of Bari ‘Aldo Moro’,Nicole Novielli,1750021,,
Temitayo Olugbade,Univ. of Sussex,Temitayo A. Olugbade,38792093,,
Itir Onal-Ertugrul,Utretch University,Itir Onal Ertugrul,35981826,,
Rui Pedro Paiva,Universidade de Coimbra,Rui Pedro Paiva,144977038,,
Ioannis Pavlidis,"University of Houston, USA",Ioannis T. Pavlidis,144917080,,
Xiajiang Peng,Shenzhen Tech Univ,Xiaojiang Peng,1766837,,
Monica Perusquia-Hernandez,Nara Institute of Science and Technology,M. Perusquía-Hernández,1403936061,,
Stavros Petridis,Imperial College London,Stavros Petridis,2403354,,
Rajib Rana,"University of Southern Queensland, Australia",R. Rana,1814487,1,
Alessandra Rossi,University of Naples Federico II,Alessandra Rossi,48369504,,
Paolo Rosso,Universitat Politècnica de València (Spain),Paolo Rosso,143752702,,
Stanisław Saganowski,Wroclaw University of Science and Technology,Stanisław Saganowski,1802717,,
Sriparna Saha,"Indian Institute of Technology Patna, Bihta,",Sriparna Saha,2244669276,,
Giovanna Sannino,"Institute of High Performance and Networking (ICAR), National Research Council",Giovanna Sannino,1881350,,1
Linlin Shen,Shenzhen University,L. Shen,1687690,,
Xinke Shen,Southern University of Science and Technology,Xinke Shen,32104724,,
Berrak Sisman,"Johs Hopkins, USA",Berrak Sisman,3450504,,
Jainendra Shukla,IIIT-Delhi,Jainendra Shukla,39554170,,
Ana Tajadura-Jimeėnez,Universidad Carlos III de Madrid,A. T. Jimenez,143840883,,
Kazunori Terada,"Gifu University, Japan",K. Terada,145990834,,
Giovanna Paula Varni,Trento,Giovanna Varni,2310236161,,
Olga Vechtomova,Univ of Waterloo,Olga Vechtomova,1712417,1,
Feng Wan,University of Macao,Feng Wan,143814405,,
Su-Jin Wang,"Institute of Psychology, Chinese Academy of Sciences",Su-Jing Wang,134769402,,
Zhaoxia Wang,Singapore Management University,Zhaoxia Wang,50219296,,
Wu Wei,Alto Neuroscience,Wei Wu,39533001,,
Rui Xia,Nanjing University of Science and Technology (NUST),Rui Xia,144304984,,
Peng Xu,University of Electronic Science and Technology of China,Peng Xu,145612636,,
Ozge Nilay Yalcin,Simon Fraser University,Ö. Yalçın,80264274,,
Jufeng Yang,Nankai University,Jufeng Yang,1755872,,
Zerrin Yumak,Utrecht University,Zerrin Yumak,1730934,,
Kejun Zhang,Zhejiang University,Ke-jun Zhang,151470175,,1
Shiqing Zhang,"Taizhou University, China",Shiqing Zhang,1695589,,
Tianyi Zhang,"Southeast University, China",Tianyi Zhang,2146331993,,
Tong Zhang,"South China University of Technology, Guangzhou, China",Tong Zhang,2363808917,,
Yazhou Zhang,Tianjin,Yazhou Zhang,2108008897,,
Yuan Zhang,Southwest University,Y. Zhang,49890284,,
Zheng Zhang,"Harbin Institute of Technology, Shenzhen, China",Zheng Zhang,2148905838,,
Zixing Zhang,Hunan University,Zixing Zhang,1742291,,
WeiLong Zheng,Shanghai Jiao Tong University,Wei-Long Zheng,2305113444,,
Guoying Zhao,"University of Oulu, Finland",Guoying Zhao,1757287,,
Sicheng Zhao,Tsinghua,Sicheng Zhao,1755487,,
Xiuzhuang Zhou,Beijing Posts and telecommunications,Xiuzhuang Zhou,3353607,,